rating,date,review,reviewer
10,2022-12-15 17:14,CG에 돈 많이 썼다는건 개구라임. 다만 직접 판도라가서 수중촬영하긴 빡쎘을거 같음. 나비족 섭외에도 돈 많이 썼겠드만...,arch****
10,2022-12-14 11:33,말이안되네 ㅋㅋㅋ 어케만든겨,dmse****
10,2022-12-14 13:23,미래에도 영화관이 있어야 되는 이유를 보여준 영화.,ydg3****
10,2022-12-14 10:51,제일궁금했던건 2009년도에도 대단했던 CG기술이 2022년도에 얼마나 대단해졌을까..?13년의 기다림이 아깝지 않았습니다.,hwle****
10,2022-12-14 13:08,믿고보는 아바타 아쿠아리움에 있는줄..3시간이 어떻게 간건지 모르겠어요,nice****
10,2022-12-14 09:30,진짜 올해 최고의 영화네 제임스 카메론 그는 도대체... 첫회차는 그냥 2D로 봤는데 영상미가 뛰어나서 3D로 볼만하겠다.. 3시간이 짧게 느껴진다... 무조건 극장에서 봐야하고 큰 화면에서 봐야한다,fowe****
10,2022-12-14 12:47,찢었다3탄 기다릴고여,yawo****
10,2022-12-14 13:38,카메룬 영감…사랑해…,craz****
10,2022-12-14 12:35,영상미 하나로 10점 아맥 3d로 보세요 꼭 이토록 눈이 즐거운 영화는 얼마만인가....,hb44****
10,2022-12-14 13:56,이영화 미쳤다! 13년 기다린 보람이 있습니다!,ljsk****
10,2022-12-14 09:35,알바인지 관종인지 모르겠지만지금 평 다는 애들은 뇌가 비었다는것 만큼은 잘 알겠네요.(조조로 봐도 아직 영화 중반도 안갔음),over****
10,2022-12-14 09:23,3시간짜리 인데 본것마냥 벌써 댓글 다는건 뭔데ㅋㅋㅋㅋ,dbtk****
10,2022-12-15 09:15,살면서 영화관에서 본 영화중에 가장 돈값함,skym****
10,2022-12-14 11:25,지금 보고 나오는데 진짜 3시간 동안 감탄만 나옴현대 기술력이 이정도까지 왔구나 싶고 3시간이 짧게 느껴짐역대급 영화라는 말이 맞을듯,dspy****
10,2022-12-14 11:25,이 영화에 재미라는 단어는 어울리지 않는다.이 영화는 놀랍고 환상적이며 지능적이고 따뜻한 영화다.,bizk****
10,2022-12-14 10:46,아지메들 부업으로 평점 깍기 알바하냐ㅋㅋ,oh1y****
10,2022-12-14 11:25,제임스 카메론 감독과 같은 시대에 살고 있는건 어찌보면 행운이다 항상 몸건강하시고 오래오래 사세요 감사합니다 ㅎ,mone****
10,2022-12-14 10:45,아니 별테하지말라고....재밌다고 하면서 별점 ㅂㅅ같이 남기는 사람들은 뭐냐 그리고 여성분들 왜 이렇게 비만죽임?  영화는 영화라고 생각하고..,eyes****
8,2022-12-14 20:31,"또 한 번의 영상 혁명과 기술적 진보, 서사는 답습과 퇴보.",nimu****
10,2022-12-14 11:22,단순히 보는걸로 끝이 아니라 직접 체험을 하게 되었습니다 올해 이 영화로 마무리 할수 있게 되어서 감사합니다,wnsd****
10,2022-12-18 09:52,2만원에 외계 행성 여행이면 저렴하네요,adio****
10,2022-12-14 12:11,평점 개판났네..최소 9.5점짜리입니다,taey****
8,2022-12-15 11:41,영화본다고 생각하지말고 외계 아쿠아리움 구경한다고 생각하고 보세요,appl****
10,2022-12-18 16:09,왜 자꾸 cg가 대단하다고 뻥치는지 모르겠다이건 그냥 판도라 행성 가서 찍은거잖아,una5****
10,2022-12-14 13:07,영상미 하나만으로도 충분히 볼 가치가있다,riti****
9,2022-12-17 11:19,"자식들은 말 안듣고, 툴쿤이 제일 말 잘 듣네",norm****
10,2022-12-14 19:46,스토리가 새로운 영화는 아닙니다. 하지만 아바타 세계관에 집중할 수 있도록 스토리를 만들었으며 보여지는 장면 하나하나가 너무 알차고 경이롭습니다.   새로운 재미보다 아바타 세상에 체험한다는 시점으로 영화를 관람하면 더 재밌을 것 같습니다.,gosi****
10,2022-12-14 14:12,CG미쳤다 바다 물멍 잘하고 갑니다,makz****
10,2022-12-14 13:43,3D 안경 착용하고 3시간 길이의 영화를 보는 건  버겁지만 바닷 속 시각적인 디테일과 환경 보존에 대한 메세지를 잘 전달한 영화.,ghks****
10,2022-12-18 18:16,역시 타노스가 옳았고 인간은 정도를 모른다,kshy****
10,2022-12-14 14:21,"영화관의 존재 이유를 상기시키는 영화. 영화가 관객에게 주는 가치와 즐거움이 다양할텐데, 아바타2는 영화관에서 즐길 수 있는 영화적 체험 측면에서 역대 최고라고 할 수 있음",econ****
10,2022-12-14 20:15,영상미 좋고 3시간이 별로 안지루함 13년기다린 보람이 있음,wink****
6,2022-12-18 07:26,마지막 전투에서 바다부족은 어디갔는지 보이지도 않고.. 대령은 왜 살려주는건지 이해도 안되고..영상미만 좋으면 뭐하나..,cjdf****
10,2022-12-18 00:56,인간 혐오 생기게 하는 영화다잉 ㅠㅠ고래 죽이지마셈 ㅠㅠ,didw****
10,2022-12-14 23:27,스토리가 별로라고해서 기대안하고 갔는데이건 정말 영화관에서 보지않으면 후회한다생각이 들정도로 장면장면의 디테일에압도당했습니다. 아이맥스 3D가격이전혀 아깝지않았고 아쿠아리움이나동물원에 갈바에 아바타를 3D로보는게나을거같다라는 생각이들정도로 좋았습니다저는 스토리도 좋았습니다,jjs2****
6,2022-12-14 18:36,"가상의 세계를 완벽하게 구현하려는 야심에는 박수가 아깝지 않지만, 정교한 CG와 웅장한 분위기에 비해 다소 빈약해 보이는 이야기.",jsho****
5,2022-12-16 21:58,영화보는 내내 자식들 때문에 고구마 먹는 기분이었다. 아이들은 계속 사고 치고 인질에 또 인질에.. 영화를 왜 이렇게 만들었지? 영상미 좋은건 인정 하지만 이런 스토리면  카메론 감독도 한물갔다,oyes****
8,2022-12-14 19:01,그냥 지나가는 스토리요.영상미 그래픽은 좋은데 아바타 1에 비하면 좀... 아쉽습니다.,bios****
8,2022-12-15 16:59,기대가 컷던탓인지 눈은즐거웟으나스토리가 아쉬움,7604****
6,2022-12-15 03:09,1편에선 수천명이 모여서 싸웠었는데 2편은 고작해야 50명vs50명? 액션은 축소되고 제이크 설리는 고구마 먹은짓만 골라 한다. CG는 감탄이 나왔지만 1편만큼 신선하고 충격적이진 않았다. CG에 부은 돈 5%라도 시나리오에 투자 좀 하지...,asdf****
10,2022-12-14 14:26,아들이고 아버지며 형제였던 영화. 인생영화.,5m_k****
10,2022-12-16 13:41,재밋음. 근데 중간에 싸우던 놈들 다 어디가고 설리가족만 남음?? 장례식때도 보니까 첫째말곤 전사자도 없는거 같더만. 그리고 휘파람 불면 나오는 소환수들은 왜 위급할땐 안부르고 익사 직전까지 가는거고 애초에 불붙은거때문에 배로 다시 간건데 그냥 헤엄대충쳐서 나오면 되는데 왜 굳이 배로 드가냐? 그냥 영화는 영화로 보기엔 너무 크리티컬한데 궁굼해서 댓글달아봄.,lead****
7,2022-12-15 18:00,숨 참을때 같이 숨 들이마신 사람 손,zola****
10,2022-12-14 13:00,여전히 10점을 받아 마땅하지만 1편이 더 재미있다,sanh****
10,2022-12-14 20:37,관람이 아니라 체험 그 자체. 초당 3억원 들인 영상미에 경이롭고 황홀했다. n차 뛰어야지...,uh_e****
10,2022-12-16 11:30,3D 안경을 끼고 영화 시작하는 순간 이미 가슴이 웅장해짐.끝없는 영상미와 디테일에 정신없이 황홀하게 봤음 .이거 3시간 길다고 징징거리고 스토리 재미 없다고 하는 사람들은요새 틱톡 이런 쇼츠 영상에 너무 길들여져서 매순간 강렬한 자극을 주지 않으면 반응하지 못하는 안타까운 사람들이라고 생각함...3시간 물론 긴 시간이지만 당연 기승전결 서사가 있고 영화가 아닌 하나의 체험활동으로 경험될만큼 좋았음. 츄라우미 수족관 안가도 되겠더라만 ㅋㅋㅋㅋ또 보러 갈 것임!  *현시점 이런 스케일의 영화에 자극을 못받으면 앞으로 대체 어떤 거에 받을 수 있는가?,dlrm****
9,2022-12-17 14:28,눈이 호강하는 해산물 다큐멘터리,enne****
10,2022-12-15 05:40,카메론의 야심을 꽉꽉 눌러담은 192분. 스토리가 탄탄한 밀도높은 영화는 아니지만 영화 역사상 가장 화려한 영상미를 선사하며 당신의 눈을 5살 아이처럼 반짝이게 만들어주기 충분합니다.,alst****
8,2022-12-15 14:35,sf 내셔널지오그래픽,rhfh****
9,2022-12-14 21:28,2편 기다리느라 힘들었음. 5편 개봉할 때 까지 건강해야지...,zuku****
10,2022-12-17 23:45,왜 지금 평점이 8.9인지 이해불가…. 내가 아바타가 된거마냥 착각하게 만드는 영상미.. 물에 들어갈때마다 괜히 숨막힐정도로 정신이 혼미해짐 그졍도로 대단한 영화입니다 미쳤어요 주말 포디엑스 자리 빡세서 예매만 거의 이주정도를 쌔빠지게 본 보람이 있습니다 늙어죽을때까지볼게요 아바타 오래해줘요ㅠㅠ,zsq6****
10,2022-12-15 21:49,2009년에도 이게 말이되나.. 했는데 13년이 지난 지금도 이게 말이되나..하는 영화,hyun****
7,2022-12-15 12:57,1편을 보고 너무 경이로웠고 이번편도 기대가 너무 컸던 탓일까.. 화려한 영상미와 그래픽에비해 각본이 조금 부실한 느낌.. 다음편에서 완결성 지어주길 다시금 기대해봄,rty7****
10,2022-12-14 14:06,될 수 있는대로 큰 스크린에서 보길바라요,ferr****
1,2022-12-20 00:08,그냥 내내 답답함과 지루함 스토리개연성 제로 진짜 그냥 영상보는거 밖에 없음 이게 왜 평점이 높은지 이해가 1도 안됨,lbc0****
10,2022-12-16 04:27,누가 어떤 평을 하든 영화관에서 봐야 후회가 없을 영화라는데는 이견이 없을듯,hkhs****
9,2022-12-14 17:42,스토리는 평범하지만 장면은 경이롭고 또 경이롭다.,whit****
2,2022-12-20 03:29,영상미 좋긴한데..보다보면 감흥 없어짐. 스토리 허접..상영시간은끔찍,kjdl****
6,2022-12-15 09:03,"아바타 물의길 너무 기대했는데, 뻔한 스토리 전개에 생각보다 지루했다. 영상미는 정말 눈이 휘둥그레 지지만.. 스케일이 너무 작음 1편에 못미침",nade****
7,2022-12-14 17:42,지루하지만 볼거리는 많아요,mail****
10,2022-12-14 19:42,뭐하는 거야 3편을 보여줘!!!,pkng****
6,2022-12-23 23:39,영상미로 3시간을 견디기에는 힘들었네요,bn00****
4,2022-12-24 02:47,영상미 좋아하시는 분들은 봐도 괜찮을듯!스토리를 중요시 하는 분들은 글쎄요,blue****
10,2022-12-17 11:47,인간이 죽는게 이렇게 통쾌하긴 처음이다,thse****
10,2022-12-18 10:49,스쿠버다이빙 왜 함??아바타보면 되는데,dydw****
7,2022-12-24 08:52,전작에 비해 서사가 너무 부실합니다,timi****
10,2022-12-14 12:17,방금 4DX 3D로 봤습니다. 꼭 3D로 보세요. 역시는 역시다. 3편 찍어놨다는데 개봉해 주세요. 언능!!!,pooh****
6,2022-12-15 09:15,진부하고 단순한 이야기... 아바타1 이후로 많은 시간이 흘렀지만 CG이외에 모든 것들은 과거에 멈춰있는 것 같다.영상미는 최고,dgbi****
8,2022-12-15 04:08,시각적으로는 훌륭하지만 스토리가 아쉽긴 하다. 설리의 가족들이 한동안 몸담았던 고향을 너무 쉽게 떠나고 마지막에 바다를 고향으로 삼게 되는 개연성이 부족하게 느껴졌다.,jwlt****
6,2022-12-25 12:49,1이 더 재미났어요. 볼거리는 많았는데쓸데없는 장면이 많아서 지루한 구간이 많았어요. . . 시간을 좀 줄여도될것같아요,gree****
10,2022-12-15 05:37,거대한 자연과 문화 그리고 타인과의 교감으로 깨우치는 가치는 가족의 소중함이며 어떤 고난과 역경이 닥칠때 가족은 위대한 힘을 발휘한다는 것을 깨닫게 된다.가족에 방점이 찍힌 홈드라마 그리고 돌비로 보니 시각적 신세계에 감탄하고 황홀하다.,jsa1****
6,2022-12-19 15:22,"오줌보를 참아야 지나갈 수 있는 길, 물의 길.",namu****
10,2022-12-14 12:56,그냥 미침 꼭 3d로 보고 화장실 컨트롤 꼭 하시길 한순간도 놓치면 안됨,eyec****
6,2022-12-15 12:55,영상미만 엄청난 영화... 중간에 몇번 졸은..?감동두 액션도 스토리도 별루인...,ljm7****
9,2022-12-14 23:51,전편과 비교해서 스토리 전개가 조금 지루한 느낌입니다.190분의 시간이 지루함없이 지나갔다는 느낌은 아니였어요...하지만 전작에비해 너무 아름다운 영상미가 돋보이고 감동적이였네요 극장에서 꼭 3D로 보시길 추천드려요,love****
10,2022-12-14 16:12,미친 퀄리티...보는 내내 감탄하며 봤음 영화관에서 봐야하는 영화,tndh****
9,2022-12-24 23:32,"아바타1 때는 결혼안한 청년이었고, 13년이 지나 아바타2를 보는 나는 어느새 아이 둘의 아빠가 되었고, 그래서인지 설리의 시간과 함께 했던 거 같고, 가족을 향한 메시지는 더더욱 와닿았다.. 오랜 시간 후의 속편도 꼭 나쁜 것은 아닌 거 같다..",jesu****
10,2022-12-18 09:00,이 미친 영상미는 극장에서 꼭 경험해야만한다.진짜 수중세계의 비주얼이 압권이다.아름답고 아름답고 또 아름다운 영화.,yena****
8,2022-12-14 12:31,후반이 좀 지루함. 스토리 여기서 더가는건 뇌절같은데.. 3.4.5 한다며? 걱정된다,saac****
10,2022-12-17 12:03,요즘 영화티켓값이 천정부지인데 되려 가성비 좋다고 느낄 정도의 영화. 꼭 3D로 볼 것. 스토리는 평이했지만 새로운 바다 속 광경은 끝내줬음. 다 커서 본 영화 중에 거의 유일하게 끝나고 박수 친 영화. 한국 코미디 영화도 재밌고 좋지만 그런 영화보고 웃고 감동받았던 내자신이 조금 부끄러워 질 정도. 13년 기다림이 아깝지 않은 영화. 강추합니다. 꼭 보세요.,pej0****
6,2022-12-24 17:24,시계만 20번은 본 듯. 졸려,isla****
10,2022-12-14 18:23,3D 영화 중 역대급 선명함이네요. 꼭 돌비관에서 감상하세요. 대세는 돌비시네마입니다.,misy****
10,2022-12-14 23:28,3시간이 후딱지나갔네,ohjs****
10,2022-12-15 21:07,아바타1 이랑 cg를 비교해보겠다던 나의 어리석은 생각,akir****
5,2022-12-25 23:14,A가 납치되면 B가 들어가고 다시 C가 들어가고A가나오면 다시들어가고제대로된 스토리가 없다,ght3****
10,2022-12-17 21:01,두 번 봤는데도 여전히 물 CG는 신기함을 넘어 경이로울 지경. 도대체 어떻게 만든건지 상상조차 되지 않는다.,ewai****
10,2022-12-14 12:11,레전드의 귀환 .  영상미 지립니다,nain****
10,2022-12-16 11:30,솔직히 이 영화를 보면서 그리고 끝나고나서도 느낀건 영화를 보고 온 느낌보다 마침 환상적인 꿈을꾸고 영화속의 나오는 세계를 3시간 좀 넘는 시간동안 여행을 하고 온 느낌이 강하게 들었던건 <아바타2>를 본 관객들이라면 똑같은 생각을 할것같다.,jeje****
10,2022-12-14 14:59,I see you.                                                                        나는 당신을 봅니다.,ang_****
10,2022-12-14 10:14,"제임스 카메론이 이제껏 그의 2에서 '실망'이란 단어를 준 적이 있던가? 에일리언2, 터미네이터2, 아바타2! 게임 셋!",pine****
10,2022-12-14 12:37,시각효과의 끝판왕...,blue****
10,2022-12-15 16:04,"세시간동안 전혀 지루함 못 느낌. 서사, 볼거리, 메시지 등 다 최고입니다",00mi****
7,2022-12-14 23:23,영상미 하나는 진짜 최고인 아바타. 지난 1편보다 다소 약한 액션씬바다/물 CG 처리는 정말 최고인데... 감독의 욕심이 너무 긴 영화시간을 만들어서 그게 참 아쉽다.,msh1****
4,2022-12-20 15:06,영상미 하나로 밀어붙이기엔 한계가 있음 13년전과 지금 관객 수준은 엄연히 다름 획기적인거 하나만 넣었어도 달랐을텐데 너무 아쉬움 해양생물 만드느라 시간이 그렇게 오래걸린건가,jung****
8,2022-12-14 11:21,2시간짜리 자연다큐와 1시간짜리 영화,zzkh****
6,2022-12-15 22:15,솔직히 한시간 정도는 덜어내도 충분할것같았음,wtcl****
8,2022-12-15 14:27,그러게요내용이없내요,kimb****
5,2022-12-14 18:51,"3시간이나 시간중에 덜 중요한 장면을 잘라내거나, 쓸데없이 시간잡아먹는 씬을 줄였다면 좀 덜 지루하게 봤을거같습니다. 마지막쯤에 진짜 가뜩이나 지루한데 굳이 이걸보고 있어야하나 싶었거든요.",vkdk****
10,2022-12-15 21:51,IMAX로 봐야 돈값 하는 영화,anot****
2,2022-12-23 12:33,와.... 개노잼... 스토리 진행방식이 너무 허접하고 개연성도 없이 스토리가 진행됨.제이크 설리는 자기 가족 지키겠다고 원래 부족을 떠났는데 결과는 남의 부족 마을을 다 뿌수는 결과를 만들어냄.그러고는 다시 떠난다고하네?ㅋㅋㅋ 어이가 없었음...,do01****
10,2022-12-14 13:03,일단 보세요그냥 보세요,qurt****
9,2022-12-14 23:46,진짜 미친 개쩌는 게임 영상을 본 느낌,bobo****
7,2022-12-17 17:36,영상미가 있다.영상미만 있다….,jayl****
10,2022-12-14 13:35,13년의기다림행복했다,tjdg****
8,2022-12-24 14:10,결국은 스토리가 중요하다는 걸 알려준다,jly4****
8,2022-12-14 22:26,이해 안되는 장면이 좀 있지만 영상미는 정말 예쁘네요,kiwo****
8,2022-12-19 00:02,개민폐가족 제이트 민폐,juan****
7,2022-12-21 17:40,1편에서 기술에 감동했지만 2편에서는 기술의 진보가 스토리의 미흡함을 커버할만큼은 아니었다. 각본은 1편보다 구려졌다. 납치와 구출의 반복,jung****
6,2022-12-24 19:25,"cg는 훌륭, 스토리는 글쎄..",cjs_****
8,2022-12-15 02:40,저는 1편이 더 좋았네요.지루함이 너무 큽니다,lds3****
10,2022-12-18 09:18,영화관의 필요성을 느낄수있다,ljb2****
10,2022-12-16 21:34,영상미도 미쳤는데 후반 액션 정말 잘만듦..,ljh2****
9,2022-12-14 17:42,영상미 10점 스토리 5점 어디 놀러간다 구경간다 생각하고 보면 엄청 재미있어요. 2편인데 1편보다 스케일이 많이 작아요.,ansg****
10,2022-12-17 14:07,1은 혼자서 2는 아이와 같이 봤네요.진짜 감동적이었습니다.,zm19****
8,2022-12-16 14:01,영상미는 좋았으나 스토리가 뻔해서 긴장감이 떨어져서 그런가 조조라서 피곤해서 그런가 졸면서 봤네요,dili****
4,2022-12-24 23:47,영상미 좋음 하지만 상향 평준화로 영상미의 가치는 떨어졌다. 스토리 전개는 별로다. 3시간 중 지루하기 짝이 없다. 스토리의 개연성이 떨어지고 왜 혼난 후 가치는 알겠다만 똑같은 연출의 반복이다.,kim5****
7,2022-12-14 17:34,"바다와 특이한 바다 생물들을 아름답게 담은 영상미는 더 할 나위 없이 좋았다. 하지만, 아름다운 CG만으로는 3시간이 넘는 시간 동안 지루하게 이어지는 진부하고 빈틈 많은 이야기의 틈을 채울 수 없음",osan****
10,2022-12-15 19:28,아바타 3시간이 너무 짧았다고 생각할 정도로연출 및 영상미 너무 압도되었습니다..왜 영화관이 존재해야하는지 느끼게 해준 영화,gang****
9,2022-12-15 12:41,"아바타 시즌 3을 위한 빌드업 때문인지 스토리는 평범했고, CG팀을 갈아넣은 비주얼을 보고 감탄 했습니다.",cdcd****
7,2022-12-24 06:03,개봉일날 봤었는데스토리는 루즈하고 영상미는 최고임잘 만든 다큐 보는 느낌?,choh****
9,2022-12-14 21:20,마지막 1점은 확장판이나 감독판을 위해 남겨두겠습니다. 영상미는 정말 경이롭고 압도적이며 황홀한 경험입니다.근데 서사는 1편보다 퇴보한게 아쉽습니다.약간 3편에서 뻥 터트리려고 일부러 빌드업 해나가는건가 싶기도 하고요.그래도 이 경험은 정말 시간과 돈이 안 아깝습니다. 꼭 경험하십시오,fran****
10,2022-12-18 19:27,사실 특별한 스토리 보다는 판도라 행성을 체험하고 온 듯한 기분이 들었다. 1편이 땅위의 세계를 본 거였다면 2편은 물의 세계를 구경하는 내용이 주를 이룬다. 관람 하는 내내 눈이 너무 황홀해서 그것만으로도 10점 만점중에 9.5점을 주었다ㅋ,jick****
10,2022-12-17 21:20,I SEE YOU....,kimj****
10,2022-12-14 23:08,진짜 이건 무조건 극장이 답이다 정말 감동적인 비쥬얼 ㅜ 아바타가 아바타했음...,shna****
8,2022-12-23 16:30,"시각적 효과는 볼만하나, 내용이 너무 진부함.",ffre****
10,2022-12-17 23:32,인간의 잔인함과 지혜를 동시에 볼수 있는 영화였습니다. 너무 재미있었고 한편으로는 많은 생각을 갖게 해주는 좋은 영화라고 생각합니다. 이런 영화는 정말 영화관에서 봐야합니다,ukie****
10,2022-12-18 01:17,CG로 봐야만 하는 명작 진짜 제작비가 어디에 쓰였는지 직관적으로 알수 있는 작품. 이작품을 보니 마블 최근 영화들의 CG수준이 진짜 바닥인걸 알게 해준다,htwo****
9,2022-12-14 23:20,영상미는 만점이지만 스토리는 실망스러움,rene****
10,2022-12-15 21:01,이건 깔수가 없다 ㅋㅋㅋㅋ,ssyb****
9,2022-12-17 01:21,영상은 대단한데 만점 주기에는 지루함이 존재함,pdhb****
9,2022-12-18 21:27,13년만에 돌아왔지만 13년동안 어떤 영화도 줄 수 없는 아바타만의 영화가 무엇인지 보여줌,evio****
10,2022-12-14 21:31,영화 보는 내내 너무 황홀했습니다영상미가 단연 압권이었는데 이런 영화를 극장에서 볼 수 있어서 너무 행복했어요,07_1****
10,2022-12-14 13:25,영상미 대박스토리 대박3시간 대박...,emun****
10,2022-12-15 23:27,이어 나올 속편들에는 어떤 생물들이 나올지 기대되는 스케일,pixo****
10,2022-12-14 15:14,영상미 미쳤다 3시간 순삭…13년동안 기다린 보람이 있음ㅠㅠㅠ 한번 더 보고싶을정도,qkrw****
10,2022-12-14 12:56,가족과 함께 볼수있는영화,rbfl****
10,2022-12-17 17:34,영화관이 존재하는 이유,iams****
10,2022-12-15 11:13,오랫동안 기다린 보람이 있는 영화. 너무 영상미가 뛰어나요,prim****
10,2022-12-15 14:39,진짜 이 영화는 꼭 영화관에서 봐야함. 영상미가 그냥 화면을 찢었다.,skdu****
10,2022-12-14 15:13,우주와 바다를 그리는 장면의 CG를 보며 CG의 엄청난 발전함을 알 수 있었다. 스토리가 다소 아쉽고 새로운 캐릭터의 매력은 떨어지나 그 이상으로 영상미는 최고이고 재미있다. 충분히 돈 내고 볼 만한 가치가 있는 영화이다.,chun****
10,2022-12-17 13:35,3시간이라 걱정했는데 전혀 지루하지 않고 영상미가 진짜 화려함,jjw4****
10,2022-12-15 16:10,스토리는 1편과 별다른 차이가 없는데 다른 차이점이 바로 3D가 주는 현장감입니다. 쉽게 말해 내셔널 지오그래픽 다큐를 관객이 눈 앞에서 직접 촬영하는 수준이라고 할까요? 암튼 이번 작품은 무조건 3D로 봐야합니다. 명심하세요.그리고 대전 사시는분들은 반드시 신세계백화점 메가박스 돌비시네마로 보세요.스크린  사이즈도 압도적이고 사운드 또한 미친 수준입니다. 그리고 안경 닦이 헝겁 챙겨가면 좋아요. (전 없어서 약간 뿌옇게 감상했네요.)결론 : 일반관이 아닌 특별관 3D로 관람할 것,jisa****
10,2022-12-15 08:36,너무너무좋았어요~3시간이길지않아요몰입감최고바로3편이나오면좋을텐데,k02s****
10,2022-12-18 19:04,"초반은 반가움 중반 스토리는 지루하지만 외계인 다큐보는 것처럼 신기한 비주얼에 버틸 수 있었음 마지막에는 뻔하지만 cg로 감동을 납득시켜 버려서,,, 납득 당하고 말았습니다 아바타 후속편들도 계속 보면서 눈호강하고 싶기 때문에 만점 드립니다 그냥 제작자들의 노고가 눈에 보임",jhee****
10,2022-12-18 04:22,"진짜.. 어떻게 이런 영화를 만들어내지? 끝도없이 존경스러워지는 지난 13년과 앞으로가 더 기대되는 아바타.. 아바타의 처음부터 과정들을 함께할 수 있어 몹시 영광입니다.. 다음 시즌도 당연히 기다려야겠다. 아니, 기다릴 수 밖에 없다.",with****
10,2022-12-17 00:23,192분이 지루하지 않았다.,niaw****
10,2022-12-14 21:33,흥행1위엔 이유가 있었던거임..,thgu****
10,2022-12-18 18:09,제작비 2조 6000억의 황홀함 안보면 손해다.,emp0****
10,2022-12-18 09:34,아바타1편 봤을때처럼 재밌게 봤습니다,dmse****
10,2022-12-17 21:56,진짜 13년 동안 기다린 보람이있어요. ㅎ이건 스포여서 말안하지만 감동적인 장면에서 눈물도 나왔네요 ㅠ진짜 거의뭐 190분이 엄청 짧게 느껴질 정도로 몰입감이 장난이 아닙니다 ㅋ다음 후속편도 너무 기대되네요.,lily****
9,2022-12-15 19:46,영화는 계속 진화한다는 걸 증명해냈다.,simy****
10,2022-12-18 00:42,다 필요없고 13년의 기다림이 아깝지 않다!,imag****
10,2022-12-16 20:54,어비스와 트루라이즈와 터미네이터 타이타닉을 한번에 보고싶다면 아바타2 ㅋㅋㅋㅋ,kmov****
10,2022-12-16 03:29,이 영화는 그냥 예술입니다... c.g도 정말 대단하고 영화 자체 영상미가 너무 아름다워서...어느순간 3시간이 쑥 사라졌네요...좀 전에 3D로 보고왔는데 3D아닌걸로 또 보고싶은 마음이 크네요...,ez_l****
10,2022-12-15 21:41,정말 경이롭네요...극장에서 꼭 보시길..,kmk1****
8,2022-12-15 19:23,넷플릭스야 너네는 이런 거 못하잖아,exce****
10,2022-12-14 19:50,그래픽과 영상미에 박수를 보냅니다ㅠㅠ,ddun****
10,2022-12-14 14:35,너무 감동적이고 영상도 좋았습니다~,suji****
10,2022-12-14 12:54,와… 이건 무조건 3D4D임 영화값 안아까움 영화관이 존재해야 하는 이유,cand****
8,2022-12-15 02:36,"전작에 비해 스토리가 아쉬웠다. A가 나오면 B, C는 D 이런 식으로 관객 스스로 생각해봄직한 요소가 전혀 없었다 성의없는 대본이라고 생각했다. 하지만…21세기 최고 수준, 이보다 더 완벽할 수 없는 황홀한 cg를 세시간 내내 감상했다. 20세기에 실제 연출을 바탕으로 타이타닉을 만들어낸 제임슨카메론. 21세기와서 그는 스스로의 작품을 오마주하여 100퍼센트 cg로 아바타2를 멋지게 구현했다. 먼 훗날 카메론은 아날로그와 디지털 각 분야의 탑티어로 종횡무진했던 감독으로 기억 될 것.",i_li****
10,2022-12-14 11:53,황홀한 영상미로 체험한 스크린 속 아쿠아리움,pon0****
10,2022-12-15 01:25,"바다 덕후, 해양생물 덕후, 밀리터리 덕후들은 진짜 행복사할 영화",chom****
10,2022-12-15 00:01,누가 영화관에 가야 할 이유를 묻거든 고개를 들어 이 영화를 보게 하라.,ds5a****
10,2022-12-17 14:37,절때 안본사람 없게해주세요 위대하신 어머니시여!,jyjd****
10,2022-12-14 12:51,역시 13년 존버하길 잘했다 명작,seeb****
10,2022-12-14 12:46,아니 별점깎는 사람들은 대체 뭐...? ㅈㄴ재미있는데???감독님 사랑합니다ㅜㅠㅜ,jehe****
8,2022-12-19 22:47,눈은 호강... 내용은 글세?,hotc****
10,2022-12-24 23:33,개인마다 차이는 있겠지만 난 너무 너무 재밌다 내 딱취향 ??,winm****
10,2022-12-18 19:16,역시 클라쓰는 영원하다,hm23****
10,2022-12-18 11:57,그냥 이런 cg 능력을 볼 수 있다는것에 너무 감사,ldbi****
10,2022-12-16 01:27,아이맥스로 봤는데 너무 좋았어요영상미 굿,ksg3****
10,2022-12-18 18:09,보는 내내 눈을 돌릴수가 없을정도로 환상적인 영상에 반했습니다3D로 관람하면서 이 영상정도의 영화가 있었을까 하는 생각을 했습니다 3편의 등장을 기다려야 겠습니다~^^,6838****
10,2022-12-16 23:12,저 원래 리뷰 안남기는데 남겨요 지금까지 영화보면서 후속편이 전편보다 좋았던건 처음이었어요 3D로 봤는데 영상미 최고.. 스토리도 너무 좋고 감동적인 부분도 많았어요ㅠㅠ 진짜 돈주고 볼만한 영화라고 생각합니다.. 명작,rema****
10,2022-12-22 17:48,"제임스카메룬은 아바타를 통해 우리 인류에게 무엇을 말하고자 하는 걸까?풍요로운 삶이란 진정 무엇일까? 그리고 지금 우리는 인류의 지속가능한 내일을 위해 무엇을 해야 할까?영화를 보는 내내 스스로를 되돌아 보고 흐르는 눈물을 연신 닥아야만 했다.그래서 나는 부끄럽지 않는 어른이 되어야 겠다고 결심했다.사회개혁,환경운동 보다 먼저 내가 선 자리에서  스스로에게 당당하고 정의롭게 모두가 함께 살아가는 사회를 평화롭게 만들어야 겠다.이 영화는 많은 사람들이 보고 자신을 한번 다시 되돌아보는 시간을 갇길 바란다.",tnrl****
10,2022-12-17 23:08,영화 끝나고 벌써 세시간 지났어 ? 라는 말이 처음 나왔습니다.. 정말 세시간 12분이 지났더라구요. 바로 4DX 3D로 n차 관람 갑니다,han1****
10,2022-12-17 18:30,스토리는 그냥 그렇지만 영상미가 좋았습니다.,sees****
10,2022-12-14 18:11,가까운 영화관에서 봤는데 영화관이 영화를 못따라가는 느낌이었어요. 좋은데서 보시길 바랍니다.,hhg0****
10,2022-12-18 20:57,아...누가 1보다 재미없다고 한건지..1보고 봤는데 세시간이 후딱..지루할 틈없이 감탄하고 봤어요재밌어요♡,resi****
10,2022-12-14 17:46,인류의 상상력은 어디까지 발전할까,duqg****
10,2022-12-14 14:59,영상미 지림.... 한 번 더봐야지,spor****
10,2022-12-15 15:43,이건뭐....꼭 봐라...안보면 대대손손 후회한다!!,homz****
4,2022-12-24 18:32,진부한 스토리 3시간은 너무길었다,ffff****
6,2022-12-16 12:47,"아바타 1을 극장에서 일반 2번, 3d 1번, 집에서는 수십번 봤고, 2나온다고 해서 복습겸 2주전에 확장판 함 보고 어젯밤 설레서 다시 한번 더 보고 오늘 2를 아침부터 가서 봄.  나의 기대는 십여년만큼 너무나도 커져버렸다…아름다운 영상미. 그것뿐. 기대없이 봤어야했나.. 개인적으로는 멀미가 심한 3d기술은 뭔가 나아진게 없고 이 영화를 만들려고 십여년이 걸려야했나 갸우뚱함.",jiin****
10,2022-12-25 05:31,감독이 나비족한테 사기치고 싸게 찍은것 같다,sage****
10,2022-12-22 15:09,이건 CG로 판도라 행성의 바다를 만든게 아니라 그냥 판도라 행성에 가서 해양 다큐멘터리를 찍어온 수준임. 5편까지 나온다는데 5편 나올때쯤엔 도대체 어느 수준의 영상미를 보여주려나 싶음. 제 아무리 OTT 시대라지만 극장에서 봐야만 하는 영화가 존재한다는걸 보여주는 영화,cine****
8,2022-12-18 16:27,겨울이라 바다수영 그리웠는데 바닷속 여행 잘 했네요 전달하고자 하는 메세지는 종종 있었지만 스토리가 막 엄청난 짜임이 있고 참신하지는 않아요 러닝타임이 2시간 20분 정도만 됐어도 평점 더 높게 줬을 텐데… 두 시간까지 괜찮았는데 그 이후로 너어무 길게 느껴졌어요…그래도 영상미 하나는 백점,hjyo****
10,2022-12-18 00:03,1편 이후 오랜 세월이 흐른만큼 영상 기술의 발달에 따라 그만큼 센세이션하진 않지만판도라의 환상적인 바다 생태계 등은 명불허전,dark****
10,2022-12-17 00:28,영화끝날때 또보고 싶은영화기대이상이었다보지도 못한 태초의 오염되지 않은 바다가 그리워진다꼭보세요,agat****
8,2022-12-18 22:23,이번까진 그래도 괜찮았지만 시즌 5까지 대책을 세워야 할 만큼 의문이 든 스토리,shae****
9,2022-12-14 20:58,그저 놀랍다. 영화를 보면서 몇번을 감탄했는지..,paul****
10,2022-12-18 02:43,그냥 최고임. 난 1편보다 재밌었음,pfe1****
9,2022-12-15 08:14,제임스 카메론 감독님의 전성기는 아직입니까? 계속..영화 만들어주세요 ㅠㅠ,vusd****
10,2022-12-15 01:10,보는내내 감동의 도가니였다,hjhj****
10,2022-12-15 01:07,3시간인데 지루하지도 않고 너무 재밌게봤음. 개인적으로 1편보다 더 좋았어요. 3d추천.  영상미 미쳤구요ㅠㅠ 조만간 한번 더 볼 예정,ysh8****
10,2022-12-14 17:55,크리스마스날 또 보러간다! 올해본 영화중 찢었다고 말할수 있음,skfk****
5,2022-12-18 17:03,'[v-log] 제이크 설리 가족의 물의 부족 적응기' 정도 생각하고 가면 괜찮은 영상이라고 생각함.,suj0****
10,2022-12-17 18:21,그래픽 눈으로보고도 믿을수없는퀄리티!순식간에 영화가 끝나버렸다!,me78****
10,2022-12-25 10:01,전편과 달리 싸우기를 주저하는 주인공때문에 조금 루즈했으나 피하기만해서는 안된다는걸 깨달았으니 3편이 매우 기대됨!근데 스토리를 떠나서 이런 영화가 만들어진다는게 너무 감사할뿐,ssw9****
10,2022-12-17 21:29,모든건 물로 다시 돌아간다,gch0****
8,2022-12-25 07:18,영상은 최고였어요. 다만 스토리가 아쉽네요.,nani****
8,2022-12-24 19:00,뇌비우고 그냥 cg감상하러 간다고 생각하면됨,yoha****
10,2022-12-18 19:51,미쳤다미쳤어…. 진짜 어떻게 만들었냐ㅠㅠㅠ,hyun****
10,2022-12-18 00:18,명불허전이네요.추천합니다.,clou****
10,2022-12-16 15:10,"insane!!! 미쳤다는 말 밖엔... 스토리, 재미를 다 떠나서... 제임스 카메론은 우리에게 기술력의 눈높이를 너무 올려놨다... 이제 다른 작품들의 CG 퀄리티가 너무 하찮게 보일까봐 걱정이다",mahn****
10,2022-12-17 00:52,이게 영화지… 이건 15000원 주고 봐도 혜자다3시간 내내 볼거리 풍성함,cher****
10,2022-12-14 15:44,너무 아름답다..내가 알고있는 단어로는 표현이 안될정도,jspt****
10,2022-12-17 01:58,"192분이었다니! 상영시간이 그렇게 길었다고??? 시간 순삭!!!@<@ 영상이 너무나 아름다웠고 중간중간 눈물도 쪼꼼 찔끔. 카메론 감독님이 현재 5편까지 준비되고 있다고 인터뷰하는 거 봤는데, 부디 내 살아생전에 마지막편까지 다 볼 수 있길~~~ 내겐 가족도 가족이지만, 자연의 아름다움과 인간의 이기심/탐욕을 다시 한 번 돌아보게 되는 영화였다. 정말 인간은 최후의 최후까지 지구를 쥐어짜다가 완전 피폐해진 회생불능의 상태까지 만들어 놓고 나면, 다른 착취 대상을 찾아 나설 것 같음. 항공우주기술이 받쳐주는 미래의 언젠가는. 나를 포함한 인간들! 우리 그러지 말자고요!!!",na96****
10,2022-12-16 20:52,"아바타 1보다는 부족합니다. 하지만 오해마세요. 아바타 1이 워낙 혁명적인 영화였던것이지, 아바타2 영화 자체가 부족하다는게 아닙니다. 아바타를 좋아하시는 분이라면 반드시 극장에서 한번은 보셔야합니다.",ohsa****
6,2022-12-18 16:00,사실 영상미 때문에 보는 시리즈.돈을 얼마나 발랐는지 보이는 물 표현과 아바타들의 피부표현이 대단했으나 사실상 스토리는 시즌1복제품에 감동도 늘 나오던 억지감성임.인간은 이익만을 쫒고 타집단에서 다르다는 이유로 고난을 겪는 주인공... 하지만 결국 이겨내고 가족을 지켜낸다..너무 뻔함. 판도라행성의 비주얼만 멱살잡고 끌어가는 영화지만 그 시각적 자극이 특별하니 한번쯤 볼 가치는 있다.,nose****
10,2022-12-19 13:48,최고입니다...감정이입 몰입감 최고입니다 3시간 동안 호강하고 갑니다..3편에서 인간들 전멸하면 좋겠습니다. 3편도 너무 기대됩니다,kyuh****
10,2022-12-18 13:30,3D    영상미  최고  였다  스토리는 뻔하지만  감동을 주는 최고의  영화였다,sky3****
9,2022-12-18 01:59,바닷속 너무 황홀했다,eric****
10,2022-12-17 22:15,전작보다 더 감동중간에 눈물이 ~~~스토리 영상 모두 좋았어요 찟었다,nn20****
9,2022-12-18 00:56,재밌어요~ 인간 죽을때 이렇게 통쾌한 영화는 처음인듯,juny****
10,2022-12-18 20:28,우리는 영화계에 길이 남을 영화를 영화관에서 보고 있는 것입니다. 앞으로 영화관에서 못 보는 사람들이 불쌍할 뿐...,sung****
10,2022-12-17 22:29,번거럽더라도 꼭 극장에서 보길 추천합니다. 돌비 극장  몰입감에 감동이 몇 배로 배가됩니다. 영화 메이킹 영상이 있음 보고 싶어요. 대단한 연출력입니다.,25uy****
10,2022-12-17 22:31,이거지 이게영화지 맨날OOO보다눈이정화됐네,ooyo****
10,2022-12-17 13:27,내 생애 최고의 영화에요. 환상적인 영상미에 흠뻑 빠져서 봤어요. 3편도 빨리 보고 싶어요.3D  추천합니다.,heyh****
8,2022-12-17 05:15,1편 대비 어마어마한 그래픽체감은덜하지만 그래도 영상미하나는 끝내줌하지만 빈약한 스토리는 어쩔 수 없는듯,blue****
10,2022-12-16 21:26,디테일한 연출은 기대이상이었음. 아빠는 가족을 지키는 존재야!,jasi****
7,2022-12-25 02:43,남는건 영상미뿐,lice****
7,2022-12-22 18:48,보기 좋은 떡이 꼭 먹기 좋진 않더라,milk****
8,2022-12-20 19:04,13년만에 나온거 치고 별로 임팩트가 없었음 실망3시간 짜리 외계 환경보호 다큐멘터리 본 기분,zipp****
3,2022-12-31 15:36,영상미만 좋고 스토리는 별로...,ssst****
10,2022-12-30 09:32,3시간이 넘는데 전혀 지루하지 않다는건 그만큼 잘만든거 아닐까? 스토리나 이런건 아쉬울 수는 있다ㅎ,afri****
10,2022-12-25 00:44,삼편이 벌써부터 기대됨,hanl****
10,2022-12-25 13:27,2009년생아들과아바타2같이보니 너무행복했습니다,csye****
10,2022-12-17 18:10,정말 대단하다는 말 밖에 할말이 없습니다~~ 최고의 영화~~,yung****
10,2022-12-16 12:19,"십여년 전 감동이 잊혀져 가고 있어서 볼지말지를 고심하기까지했는데...기우였어요, 반드시 보세요. 꼭 보세요. 그때보다 더 감동이 밀려옵니다. 세시간이 넘은 러닝타임이 끝나지않았으면 했네요. 강추. 엔차관람 예약입니다! 경이로운 기술력과 연출, 풍부한 색감과 감동적인 가족애 ㅠㅠ 진짜 대박이에요!!",oh25****
8,2022-12-18 09:28,스크린에서 보여줄 수 있는 영상의 끝은 어디인지 다시 한번 도전했고 보여준 영화,rpbl****
10,2022-12-17 23:39,연출이 대단하고 스토리도 좋아요! 역시 카메룬 감독! 3편이 기대되네요.,aapm****
10,2022-12-17 10:29,꼭 아이맥스로 보세요. 영화를 시청하는게 아니라 체험하는 시간이었습니다,camp****
10,2022-12-16 21:23,가족애를 기반으로 변화되는 환경에 적응. 새로운 것을 배우는 데 두려워 말라.,hanu****
10,2022-12-15 14:34,3시간이 길지 않게 느껴질 정도로 시종일관 눈이 즐겁다 그것 만으로도 충분히 볼 가치가 있는 영화임에는 틀림이 없다,kiim****
9,2022-12-14 16:52,영화가 아니라 다큐멘터리를 보는 느낌,ojkm****
10,2022-12-18 20:39,말이 필요없는 영화입니다,sjaa****
10,2022-12-14 20:56,영상미 하나로 돈 값 한다,rlaw****
10,2022-12-14 15:19,아바타는 역시 아바타,bums****
10,2022-12-15 21:13,영화 미쳤다! 13년 기다린 보람이 있습니다!,gy87****
10,2022-12-15 04:44,진짜  어찌이런영화를 만들어내는지  정말 감탄받게안나오네요  최고입니다   제임스카메룬감독,leek****
10,2022-12-14 15:19,13년만에 돌아온걸 설명하게하는.. cg와 스토리... 다 마음에들었다.,zhoe****
9,2022-12-15 05:35,경이롭고 또 경이롭다..,mega****
10,2022-12-17 01:04,경이롭고 황홀했다. 현실을 잊을만큼 몰입하게된다,plom****
6,2022-12-19 10:20,영상은 진짜 실사보는줄 알았으나 내용은 진부하고 중간엔 졸리기까지...내용이 많이 봤던내용 입니다,gons****
8,2022-12-24 15:44,"수중 시각효과와 연출이 인상적이다. 해양영화, 수중영화에 큰 족적을 남겼다. 음악도 좋고 연기도 좋다. 다만 스토리는 새롭지는 않다. 시각체험에 초점을 두고 관람하면 만족할 가능성이 높아진다.",ljhd****
10,2022-12-18 17:59,명작이라 말하기 부끄럽지 않은 오감체형 작품이다.,grad****
9,2022-12-18 17:47,"이야기는 미약하나 CG는 창대하리라.. 아름답게 펼쳐진 바다와 바닷속 생물들이 시선을 사로잡아서 정신 차려보면 2시간 72분이 훌쩍.. 가족 간의, 또 자연의 생명체와의 관계성이 돋보이는 영화였다. 인간이 미안해..",sora****
10,2022-12-18 17:42,단언컨데 비쥬얼 압도적,stse****
10,2022-12-27 02:20,제이크 설리의 극한 육아일기,rlat****
9,2022-12-17 00:23,스토리는 1편이 더 재밌는데 영상미 웅장함은 2가 더 쩜 3시간이 훅감,nakk****
10,2022-12-16 05:02,역시... 미쳤음 또 보고싶다.,yeon****
10,2022-12-15 18:52,역시 믿고보는 제임스 카메론 입니다.. 3시간이 30분 같네요,mca1****
10,2022-12-15 07:59,3D로 봤는데 영상미가 정말 아름다워요,juns****
10,2022-12-14 14:10,"아바타 기억 못해도 충분히 이해가 되고, 영상이 다한  영화입니다",unij****
10,2022-12-17 03:17,대박대박대박 다시 또 보고 싶을 정도로 티켓값 1도 안아까운 영화였음. 3D에 너무 기대하지만 않으면 될듯!,rlae****
10,2022-12-16 19:38,제이크설리가 눈을 번쩍 뜨며 끝나던 아바타1. 굉장히 고전적인 스토리였지만 굉장히 잘 만든 영화라 과연 후속작에서 할 이야기가 남아있을까 싶었는데… 자식을 많이 낳으니 할 이야기가 넘쳐났던ㅠㅠ 2편을 보고 나니 장차 펼쳐질 아바타 시리즈가 아무리 고전적이고 뻔한 이슈와 주제를 다룬다고 하더라도 반드시 봐야 하는 영화라는 것은 인정. 특히 바다사랑 카메론의 덕질 덕분에 엄청난 장면을 보게 되는 것은 정말 놀라움을 넘어서서 고마움. 너무 현실적이어서 마음에 들지 않는 전개 그리고 그 속에서 나 스스로에게 묻는 나의 가치관. 참 엄청난 영화이다!,pdso****
8,2022-12-17 12:26,CG기술력 궁금해서 보러갔다가 역시 최고의 기술을 다 때려넣었구나 돈 쓴 가치가 있다고 생각했습니다. 재밌고 좋았는데요.아무래도 3시간이라는 긴 길이와 단순한 스토리 때문에 중간에 1시간 정도는 꽤 지루하게 느껴졌습니다. 다큐같은 느낌도 들어서 조금 졸다가 다시 또 보고 그랬습니다. 개인적으로 스토리가 단순하고 액션이 가득한 영화가 취향이 아니여서 그렇게 느끼기도 했습니다. 아무튼 재밌긴합니다. CG가 대박입닞다.,chs0****
9,2022-12-14 12:34,OTT시대에 영화의 생존방식. 표값은 올리고 체험식 영화로 바꾼다 2D로 볼영화는 아닙니다.3D로 봐야 진가를 알 수 있는 영화스토리는 끝나고 나서 갸우뚱 하는 부분이 있습니다,byka****
10,2022-12-15 14:43,"우리가 계속해서 극장에 가야하는 이유!!3시간 동안 펼쳐지는 영상이 모두 너무 자연스럽고 압도적인데, 이게 모두 CG라는게 너무 신기...!! 1편의 정글도 좋았지만, 확실히 광활하게 펼쳐지는 바다 배경이 너무 시원하고 멋짐!!포맷 별로 여러번 관람하면서 연말을 즐겨야할듯!!",yong****
9,2022-12-16 07:28,군입대 전 마지막 용산 아이맥스 행복했다.,kjhk****
10,2022-12-14 13:17,"개봉일 조조3D 관람했습니다. 저는 웬만해서는 영화 그대로 즐길 수 있게 2D를 선호하는데, 이 영화는 꼭 3D로 봐야한다고 봅니다. 2D로 보면 영화 매력의 반은 날리는거에요. 영화도 물론 훌륭하지만 영상미만으로도 극장요금이 영화값 못합니다.",neow****
9,2022-12-15 07:01,"기대를 너무 많이 했나봐요.. 영상미도 최근 CG고퀄영화들이 넘쳐나서인지 1보다 크게 감흥은 없었습니다. 육지동물도 재탕이 좀 많았고, 수중생물 관찰하는것도 1만큼 큰 감동은 없었네요. 결국 피곤한몸 이끌고 심야 봐서 그런지 막판 클라이막스에선 자버린 ㅠㅠ 또 아쉬운건 제이크가 예전에 멋졌던 모습에 비해 가장의 무게때문인지 너무 신경질적으로 변해버린채 비중도 많이 줄어버렸습니다..그래도 다른영화에 비해선 압도적인 퀄리티가 있고 후속작이 더 기획되어있는만큼 나오면 바로 지갑 열것 같네요ㅎㅎ요약 : 1볼때 와 저런행성 진짜있을듯 어디가서 보고만든거아니냐?2볼때 와 영화잘만들었네",mest****
10,2022-12-26 12:21,진짜 어딘가에 있는 판도라 행성에서 찍은거같음.. cg일리가 없어,5020****
10,2022-12-24 21:33,시간 가는줄 모르고 봤어요 영상미가 대박,rlth****
10,2022-12-18 12:12,3D로 봤는데 시간가는줄 몰랐네요아이맥스 3D로 볼껄 ..,redt****
10,2022-12-18 05:48,프리미엄 상영관서 꼭봐야함,kew9****
10,2022-12-24 14:01,영상미 때문에라도 영화관에서 꼭 봐야하는 영화라고 생각합니다,boug****
10,2022-12-22 01:09,눈물눈물 가슴찢어짐 물속에나도들어가서 있는듯 정말 이걸어케만든건지..3d로봣는데 4d추천 아이맥스로보면 더좋았을듯 3시간? 그냥화면만보고잇어도 언제갓나싶네 첨엔 3d 중간자리라 크게확확와닿아부담스러웟는데 점점 화면과 동화됨,06su****
10,2022-12-20 18:24,무슨 말이 필요할까요? 그냥 지렸다^^,cine****
10,2022-12-18 14:47,"경이롭다 ,이쁘다 논평가들은 영화보지 마라 헛소리 하니 시간 금방 간다 , 이쁘다고 말해주고 싶다 가족애",koko****
9,2022-12-18 20:36,눈이 정말정말 즐거운 영화입니다 3시간 어떻게 버티나 싶었는데 하나도 루즈하지 않았어요,ysm5****
10,2022-12-18 12:22,한번 더 보러간다. 꿀잼,224a****
10,2022-12-17 22:49,3시간 순삭 bb 아바타3 존버함 연말을 장식할 최고의 영화,deja****
10,2022-12-17 22:37,아바타 아바타 아바타 아바타 아바타,mika****
10,2022-12-17 00:14,눈과 귀를 맡기고 긴 호흡으로 영상을 즐기세요. 어느 순간 판도라를 걱정하는 이주민이 됩니다.,onss****
10,2022-12-17 08:20,경이롭네요...,cbwj****
10,2022-12-14 21:05,영상미 정말.. 너무 멋집니다,rlat****
9,2022-12-18 11:09,스토리? 글쎄... 영상미? 한계돌파,spaw****
10,2022-12-17 00:16,솔직히 스토리가 어쩌네 하지만 개인적으로 1편 만큼 2편 정말 재미있게 봤습니다. 영상미는 물론이고 인간의 자연에 대한 이기심을 잘 풍자하고 가족애에 대해서 잘 표현한 영화였습니다. 영화 내리기 전에 2D로 한번 더 볼까 싶네요,1sty****
10,2022-12-16 19:06,어벤져스 엔드게임 이후로 극장에서 또 보고싶다는 맘을 갖게한 영화!!제임스 카메룬감독님 감사합니다,ace4****
10,2022-12-16 00:32,3편 4편 5편도 꼭 보고 싶다.,kang****
10,2022-12-15 20:40,3D로 보는 영상이 너무 아름다워요! 긴 시간보는 내내 지루하지 않고 재미있네요!!,puru****
10,2022-12-14 23:51,아름다운 장면 하나 하나 눈을 뗄 수 없었다.,g318****
10,2022-12-14 15:51,이번에도 개지리는 판도라의 경관,ball****
10,2022-12-17 20:57,이제 실제 사람만 나오는 영화는 감흥이 없을듯 합니다. ㅎ 창의적인 많은 볼거리와 가족애를 다룬 스토리에 푹 빠져서 봤습니다,eunj****
10,2022-12-16 17:53,묻지도 따지지도 말고 꼭! 극장가서 봐야하는 영화. OTT 따위 기다리다 OTL하는 당신을 보게 될 거임.,wano****
9,2022-12-16 01:14,빈약한 서사를 씹어먹는 스케일,ljw9****
10,2022-12-15 05:43,리마스터링 때 너무 좋았어서 첫날에 바로 봄.,pror****
10,2022-12-15 03:42,해양생물들 존나 귀엽네 ㅋㅋ,kims****
10,2022-12-15 13:10,아바타1 봤을 때만큼 재미있어요. 내용이 술술 지나가고 너무 재미있고 화면도 예쁘다보니 체감 런닝타임도 길지 않아요.,tami****
9,2022-12-14 22:45,화장실 갈 생각을 잊을정도로 볼만했는데 보다보니 참전하고 싶더라 열받아서,anti****
10,2022-12-14 19:28,기대하고 봤고 기대한 만큼 훌륭한 영화. 시간가는줄 몰랐고 4d관람 아주 만족!참고로 마스크에 안경에 향기에 눈이 엄청 건조했음 인공눈물 필수.,kyc0****
6,2022-12-31 01:23,스토리빈약 영상미로 3시간 러닝을 채우기에는 졸림,russ****
6,2022-12-22 10:17,영상미만 좋구 스토리가 너무 구려요...,raeg****
10,2022-12-16 00:46,개연성이 떨어진다는 후기보고 아이맥스 3D예매한거  취소할까 살짝 고민했는데 정말 후회할뻔했어요. 감정이입너무해서 제가 제이크설리인줄...  3시간이 훅갔어요. 좋다못해 경이로운영화.3편 언제나와요ㅠ인생최고영화.,bomb****
7,2022-12-18 13:19,"극장에서 볼 만한 영화임은 분명하지만, 전작의 압도적 경이로움을 선사하진 못한다. 애초에 불가능한 일일지도 모르지만.",cyom****
10,2022-12-15 04:29,영상미는 최곤데 스토리는 아쉽다던 사람들 많은데 난 스토리도 좋았음그냥 ㅈㄴ재밌다. 꼭들 보셈,jbfl****
7,2022-12-18 13:38,서사와 캐릭터는 날아가버리고 판도라의 풍경과 동물들만 남아있다. 카메론은 외계생태계 다큐를 만들고 싶었던걸까,uran****
10,2022-12-25 09:30,최소 아이맥스로 봐야 함,pyo2****
10,2022-12-24 23:27,아바타3 존버한다 최고,hhd7****
10,2022-12-20 00:26,"초등학교때 아바타를 보던 아이가 어느덧 23살이 되어 13년만에 나온 아바타2를 보내요. 말해뭐해 영상미 , 액션 신비로운 체험하러 영화관으로 오세요~",lees****
10,2022-12-16 23:49,"경이로운 영상미, 진짜 판도라라는 행성이 존재한다고 느끼게한다",beli****
10,2022-12-17 17:38,스쿠버다이빙 3시간 하고 온 기분. 바닷속 넘 예쁘고 자연과 생명의 소중함을 다시 한번 느끼게 해주는 영화. 3시간반? 시간 순삭. 3D로 또봐야지~,mijj****
8,2022-12-18 18:32,영화는  좋은데   화장실은  가야한다는 ㅜㅜ,resp****
10,2022-12-18 02:19,스토리가 아쉽다고는 하지만 그것 외에도 충분히 많은 것을 느끼고 볼 수 있는 영화다. 상상력의 끝이 무엇이냐고 말한다면 감히 이 영화를 언급할 것 같다..!,geek****
10,2022-12-17 18:25,영상이 너무 아름다워서 눈물나요,sss9****
10,2022-12-17 00:03,와 ㄹㅇ 아쿠아리움 본줄 배경이 너무 이쁨ㅠㅠ,tldi****
10,2022-12-16 22:25,3시간 동안 다녀오는 3차원 우주,dewt****
10,2022-12-14 22:56,"특별한 스토리는 아니지만,아이맥스 3D 영화관의 존재가치를 느끼게 해 준 최고의 영화. 감독님이 천재인 듯",casp****
8,2026-03-01 00:24,진따 영상 하나는 기가 맥히네 와,hgdp****
10,2026-03-01 00:18,영화 잘 봤습니다. 굿굿굿,minu****
6,2026-03-01 00:05,아바타 시리즈를 좋아하지 않는데도 왜 외면할 수 없을까,andr****
10,2026-02-28 23:53,3편중 가장좋아하는 물의 길,ange****
6,2026-02-28 23:45,큰 화면에서 보니 좋았음,sall****
6,2026-02-28 23:43,웅장하고 광활한 cg의 존재감 외에는 별 볼 일 없는,song****
10,2026-02-28 23:43,아바타는 꼭 특별관에서 보기를,kdl9****
10,2026-02-28 23:29,"인류가 사치스럽게 누리고 있는 영화라는 매체의 가장 극단적인 자만의 결과, 긍정적인 의미로",foxy****
8,2026-02-28 23:28,영상미 화려하고 스토리는 좀 지루함,jane****
10,2026-02-28 23:26,연기력이 보통 대단한게 아님,char****
8,2026-02-28 23:26,영상미는좋은데조금지루,yunj****
10,2026-02-28 23:23,CG 하나로도 표 값 하는 영화,l_y_****
10,2026-02-28 23:23,속편이 나오는 데 12년이 걸린 이유가 판도라 올로케 때문이었구나. 영화관의 존재 이유를 끝내주게 증명해 준 영화.,miss****
10,2026-02-28 23:21,나비족 섭외 어케했을까진짜,fl02****
4,2026-02-28 23:21,경이로운 수중 세계와 가족의 유대를 담은 시각적 혁명.,babo****
8,2026-02-28 23:18,기다린 만큼 기대했는데 기대를 뛰어넘는 영화였다 . . ♡,full****
10,2026-02-28 23:16,13년만에 다시 나옴내가 나이든 만큼(?)영화는 더 세련되어졌다 ㅎㅎ,won0****
10,2026-02-28 23:07,영상미 미쳤고 스토리도 흥미진진했다,qasd****
2,2026-02-28 23:04,쓰레기같다 기술력이야 대단하겠지만 특별하지 않고 사람을 화나게하는 스토리,cast****
8,2026-02-28 22:59,영화관에서 볼 가치가 있는 영상미,hwar****
8,2026-02-28 22:57,2편까진 좋았지.. 천만이 납득되는 명작,leeu****
7,2026-02-28 22:57,21세기 최고의 물 그래픽,ehah****
8,2026-02-28 22:44,긴 러닝타임과 평범한 스토리에도 불구하고 압도적인 cg와 영상미로 시간가는줄 모르고 봤어요,seoh****
10,2026-02-28 22:35,물의 길 부제 그대로 끝까지,mist****
10,2026-02-28 22:27,영화로서의 완성도가 높았다,haru****
10,2026-02-28 21:51,무조건 영화관에서 봐야함 씨지와 연출이 아름다워요,gold****
8,2026-02-28 21:45,재미있어요 재미있어요,mumu****
8,2026-02-28 21:44,잘봤어요 재밌었습니다,jke1****
8,2026-02-28 21:20,아바타 물의길 즐겁게 관람했습니다,cool****
9,2026-02-28 21:09,"아바타: 물의 길 (Avatar: The Way of Water, 2022)",alwa****
8,2026-02-28 20:59,잘 봤습니다. 별점으로 평가드릴게요.,reim****
8,2026-02-28 20:47,극장의 존재 이유. 마스터피스.,just****
10,2026-02-28 20:45,휼륭한 2부~ 역시 아바타는 아바타~,rebo****
6,2026-02-28 20:35,속편은 이제 안 봐도 될 것 같아요,seco****
10,2026-02-28 20:31,영상미랑 액션이 좋았어요!,ksjo****
10,2026-02-28 20:23,아바타1 이후 얼마나 기다렸던 2부였던가!,dark****
10,2026-02-28 20:20,볼만한 영화 재미있게 봤어요,aapp****
8,2026-02-28 20:19,전편의 서사 구조를 반복하는 단순한 가족 중심의 스토리가 3시간이 넘는 러닝타임을 견디게 하기엔 다소 평이함,real****
8,2026-02-28 20:09,좀 길긴 해도 진짜 그 세계로 간듯한 화려한 그래픽과 웅장한 전투씬. 역시 카메론 감독..,hjy6****
8,2026-02-28 20:05,정말 재밌게 보았던 것 같기도요,hcyo****
10,2026-02-28 19:53,영화관에서 봐야할 영화,sunn****
9,2026-02-28 19:23,아름다운 바다와 물.. 황홀한 cg,yuri****
10,2026-02-28 19:18,영화 잘 봤습니다 괜찮은 영화네요,star****
10,2026-02-28 19:18,인상깊게 잘 봤습니다!,jama****
8,2026-02-28 19:10,물 좋아해서 씨지보는 재미가 있었음. 스토리는 엄청 특별할 건 없지만 재밌는 스토리,shj8****
10,2026-02-28 18:57,이 영화에 개연성은 필요없다 영상미 하나로 완벽,dmfh****
9,2026-02-28 18:53,아바타 1 안보고가도 충분히 재미있게 봤습니다 이제 아이들도 나오는데 안타까운 일도 나오지만 액션신이나 다른 해양 생물들 나오는거 좋았어요 다음편이 기대되네요,mm80****
6,2026-02-28 18:52,새로운 부족과 아름다운 cg의 연속,bear****
7,2026-02-28 18:30,1편의 경이는 너무 오래되었다,gamb****
8,2026-02-28 18:21,좋은 영화 감사합니다!,tats****
8,2026-02-28 18:18,전작과는 또다른 압도적 화면,pers****
8,2026-02-28 18:14,물구경 실컷했어요 워터파크 갈 필요 x,uh06****
10,2026-02-28 18:02,재밌습니다 또보러 올게요,djds****
7,2026-02-28 17:57,영상미는 여전한데 너무 평면적인 시나리오가 흠.,mani****
8,2026-02-28 17:48,영상미는 좋다 영상미만 좋다,eunh****
10,2026-02-28 17:42,역시 훌륭한 감독의 훌륭한 작품임 추천함,kumi****
3,2026-02-28 17:00,기다림에 대한 보답은 커녕 발전조차 없는 영화,sybb****
8,2026-02-28 16:51,아바타는 영상미와 OST,uu77****
10,2026-02-28 16:41,아바타 물의길 재밌었어요,rose****
7,2026-02-28 16:37,너무 늦게 온 속편. 그래도 반갑다.,na4o****
8,2026-02-28 16:03,화려한 영상미가 좋았다,chgo****
8,2026-02-28 15:46,감독의 연출과 배우들의 연기가 좋았다.,kuyo****
10,2026-02-28 15:33,영화관에서 봐야하는 영화,rkfd****
9,2026-02-28 15:22,영화관에서 웅장하게 보면 좋은영화입니다.,karu****
8,2026-02-28 14:35,해양다큐 보는 줄...돌비시네마가 최적임,shou****
8,2026-02-28 14:26,과연 어디까지 발전할것인지 정말 궁금해지는~~ 그저 감탄하게 되네여~~~~,sala****
8,2026-02-28 14:05,볼거리는 여전히 화려하지만 부실한 스토리..,poos****
10,2026-02-28 13:34,볼건많아서좋았습니다,seul****
7,2026-02-28 13:32,감독의 독창적인 연출 방식이 돋보이며 색다른 영화적 체험을 제공했다.,kmki****
7,2026-02-28 13:02,전작과 비슷한 포맷인건 아쉬우나 화려한 영상미가 이를 커버한다!,yer3****
10,2026-02-28 12:53,시간가는중몰랐다 재밌음,asdf****
8,2026-02-28 12:34,영상미로 한시도눈을뗄수없게하는 영화,blue****
10,2026-02-28 12:18,말도안되게 좋은 영상미와 좋은 스토리 덕분에 3시간이 금방 지나갔습니다,sonn****
10,2026-02-28 12:11,바다를 느낄 수 있는 내 인생영화,fabi****
10,2026-02-28 12:00,영화 재밌게 보고 왔습니다!,hkyu****
9,2026-02-28 11:59,전편에서 완결성있던 이야기를 이렇게 풀어낸 것만해도 좋았어요.,yunc****
9,2026-02-28 11:53,cg가 이렇게까지 발전하다니,yhch****
8,2026-02-28 11:52,스토리는 뻔하지만 영상미가 좋아요,99my****
7,2026-02-28 11:49,아바타 : 물의 길 별점3.5 괜찮아요,scar****
10,2026-02-28 11:36,내용은 식상하지만 영상이 너무좋았어요,clos****
9,2026-02-28 11:29,재미있게 잘 봤습니다!!,geni****
10,2026-02-28 11:20,아바타 물의길 영상미가 좋습니다.,mmis****
4,2026-02-28 11:18,기대를 너무 많이 했는지 진짜 재미없었다... 뻔히 예상되는 스로티들,a673****
8,2026-02-28 11:14,"판도라의 물의 세상, 더 넓게 펼쳐지는 새로운 이야기들",daej****
8,2026-02-28 11:11,1편 안보고 봤는데 괜춘했네요,blac****
10,2026-02-28 10:08,1편만한 감동은 아니었지만 볼만함,fros****
10,2026-02-28 09:57,3d로 감상하는 동안 눈이 너무 호강했습니다. 감탄이 절로 나옵니다.,mhg0****
8,2026-02-28 09:43,제임스 카메론의 혁명적인 비주얼을 기술로 만들어 낸 판도라 행성의 경이로운 재회였다.,s00h****
9,2026-02-28 08:51,돌비 3d로 봤는데 진짜 선명하고 생생해서 내 눈앞에 나비족들이 존재하는거 같았음,alsw****
10,2026-02-28 07:53,어떻게 이런 물의 표현이 가능하지,song****
9,2026-02-28 07:05,아바타는 내용보다 영상미로,wjdw****
7,2026-02-28 06:56,1편이 역대급 비주얼이라 충격은 덜했지만 물표현은 정말 고트,wors****
8,2026-02-28 06:38,아바타 물의길 재밌게 잘봤습니다,xpre****
9,2026-02-28 04:35,cg가 너무 엄청남 아예 다른 세상을 만들어내고 거기서 물을 쓰는데 너무 자연스러움,bhjj****
10,2026-02-28 04:11,이 시리즈는 무조건 관람.,game****
7,2026-02-28 03:57,영상미는 정범에 달했는데 스토리 흡입력은 1보다 떨어졌다,ronz****
9,2026-02-28 03:32,바다풍경이 너무나 아름답고 3시간이 길게 안 느껴짐,dwoo****
10,2026-02-28 02:39,"아름다운 풍경, 콘텐츠가 따라가겠죠?",char****
8,2026-02-28 02:35,"살아남기 위해 떠나야 하는 긴 여정과 전투,그리고 견뎌내야 할 상처",lofl****
10,2026-02-28 02:26,아바타는 3d로 꼭 보세요,asd6****
8,2026-02-28 02:12,잘봤습니다 감사합니다,dino****
8,2026-02-28 02:05,영상미가 너무 좋은 영화입니다. 러닝타임이 좀 길어 루즈하긴했는데 특별관에서 보면 돈 아깝지 않은 영화입니다. 너무 웅장하고 아름다워서 감탄이 나오는 그런 영화입니다.,jiy2****
10,2026-02-28 01:42,아니 이게 가능하다고여? 아바타 1 처음봤을때의 어설픔이 1도 안남았어요,kaye****
9,2026-02-28 01:29,영상미 하나만큼은 진심 최고.,zart****
10,2026-02-28 01:06,재밌었어요 추천합니다,whit****
10,2026-02-28 01:02,아주 재미있게 잘  봤습니다,iyoo****
8,2026-02-28 00:53,cg 기술 발전의 놀라움을 보고 왔네요,cach****
10,2026-02-28 00:35,날 아바타에 미치게 만들어준 영화. 시리즈 통틀어 최고이지 않을까,shoo****
10,2026-02-28 00:31,스토리가 진부하다는 평에 걱정했는데 이 정도면 맛있게 요리한 영화같다 물 그래픽이 이렇게 화려하다니 저 세상 비쥬얼 영화. 가족영화로 너무 좋다,sh93****
10,2026-02-27 23:57,Cg 영상미 미쳤음 재밌있게 잘 봤습니다,tkss****
10,2026-02-27 23:47,연출에 영상미 너무 좋았음. 내가 추구하는 것이랑 비슷해서 공감함,oyou****
6,2026-02-27 23:45,제목이 전부인 영화 ㅋㅋ,fran****
10,2026-02-27 23:33,화면은 이쁘고 화려하고 실감나는데 내용은 딱히 몰입이 안됨. 안궁금하달까...,ji19****
9,2026-02-27 23:09,좋았어요! 좋았어요!,effy****
8,2026-02-27 22:23,부모님 보여드림. 잘보고오심,bye1****
8,2026-02-27 21:54,내용은 그럭저럭영상은 엄청나긴 한,mine****
6,2026-02-27 21:52,생생하게 몰디브 바다 체험하는 법,bine****
8,2026-02-27 21:46,인간은 미래에도 저기까지 가도 지긋지긋,nbnv****
10,2026-02-27 21:29,영화 엄청 재미있게 잘 봤습니다,kd14****
8,2026-02-27 21:22,꼭 다음 편으로 돌아와주세요,jeon****
6,2026-02-27 21:16,영화 잘 봤습니다...,aoe4****
8,2026-02-27 21:15,아바타는 영화 신기술의 교과서로 남을것.. 1편의 신비함을 2편에서도 볼 수 있어서 기쁨,kok0****
10,2026-02-27 20:29,엄청 잼있었고 영상미좋고 무엇보다 물과자연 힐링되는 영화였습니다. 강추!!,kjy5****
4,2026-02-27 19:34,진작에 싸웠으면 좀 더 상황이 나아지지 않았을까 싶었다. 인질을 도대체 몇 번을 잡히는지 스토리가 너무 지지부진했다. 영상은 정말 더할나위 없었지만 빛좋은 개살구 같았다.,ekwj****
9,2026-02-27 18:34,잘봤어요잘봤어요잘봤어요,ciga****
10,2026-02-27 17:53,진짜 재밌게 봤습니다.,chan****
8,2026-02-27 17:23,cg가 이렇게까지 구현된다고????!!?!,so41****
8,2026-02-27 15:59,뛰어난 영상미와 지나치게 긴 러닝타임,myba****
9,2026-02-27 14:50,영화 만드시느라 고생 많으셨습니다.,free****
8,2026-02-27 13:42,재밌게 잘 봤습니다 볼만해요,sewi****
10,2026-02-27 13:19,화면은 정말 아름답다...,goa2****
6,2026-02-27 13:00,눈이 호강했지만 영화보다는 다큐멘터리를 보는 느낌,dyk6****
10,2026-02-27 12:56,이번에는 바다쪽 배경이다. 시원시원하다.,ffqw****
10,2026-02-27 12:24,영상미 너무 좋고 아이맥스로 봐서 더 재밌었어요,haeu****
8,2026-02-27 10:42,CG력을 맘껏 뽐내고 싶어하셨던 거 같다. 스토리에 대한 깊이가 1보다 부족해보임,yama****
10,2026-02-27 10:39,눈으로 보는걸로 오감이 다 채워지는 기분,ajle****
10,2026-02-27 10:21,3D 영상으로 이 정도로 연출가능한점이 놀라웠고3D영상인데 배우들의 얼굴이 보이는것도 신기함,omni****
10,2026-02-27 10:18,길지만 재밌었어요! 3편도 기대되요,euge****
8,2026-02-27 09:25,전작과는 다른 새로운 풍경으로 펼쳐지는 마법,dbql****
8,2026-02-27 08:07,몰입감있게 재밌게 잘본영화,rkri****
7,2026-02-27 04:45,아우 시원하다 아바타도 가부장제구나,ygso****
6,2026-02-27 00:21,1과 간격이 너무 길어 그 전 내용이 잘 기억이 안남 인물 관계도가 헷갈렸음,rana****
8,2026-02-26 23:53,영화관에서 봐서 재밌게 잘 봤어요,didh****
7,2026-02-26 22:59,여전히 눈 부시는 화려한 그래픽부족한 서사와 편의주의적 전개를 가려주다,bjw1****
9,2026-02-26 22:56,꼭 영화관에서 봐야하는 영화,viol****
8,2026-02-26 21:23,영상미가 정말 미쳤는데 스토리만 어떻게 좀 개선이 되었으면 좋겠다.,kkh4****
10,2026-02-26 20:14,1편만큼이나 재밌었어요 마지막에 눈물났습니다,blue****
7,2026-02-26 16:51,제대로 된 영화 CG는 이런 거구나.,mstc****
6,2026-02-26 10:03,무난한 팝콘 영화 영상미는 좋음,chat****
10,2026-02-26 08:54,영화가 재미를 느낄만한 부분이 상당히 있네요.,szsu****
7,2026-02-26 01:13,"영화 아바타: 물의 길, 2022",cods****
8,2026-02-26 00:10,잘 모르겠다. 일단 남긴다.,1999****
8,2026-02-25 23:38,환상적인 수중 세계와 3D 영상이 압도적,inhw****
10,2026-02-25 22:17,영화 너무 재밌게 봤습니다,mart****
8,2026-02-25 21:20,본인이 만든 세계관을 너무나 사랑해버린,lime****
9,2026-02-25 17:38,아바타 물의 길 영화 재미있었어요 251,hers****
10,2026-02-25 16:04,물cg가 진짜 환상적이다. 이만큼 순도높은 물을 구현한 cg 는 당분간 없을 것 같다. 너무 자연스럽고 맑아서 남태평양 여행이 땡기는 영화,yeun****
10,2026-02-25 15:59,좋은 영화였습니다 잘봤어요,jxxm****
8,2026-02-25 15:51,3시간 넘어도 질리지 않는 몰입감 있는 속편이다,gmgj****
8,2026-02-25 14:34,잘 봤습니다 좋아요 :),wlsn****
9,2026-02-25 13:02,물 CG 만드는데 얼마 들었을까 궁금해져서 평점 줌 다들 바다 해양생물 환경보호 합시다,rytq****
8,2026-02-25 12:52,행복은 단순한 것이다. 하지만 행복은 한순간에 사라질 수도 있다.,delu****
7,2026-02-25 00:17,카메론의 판타지는 설득력있다,ysy5****
10,2026-02-24 19:51,진짜 나도 같이 물에 있는 느낌 영상미 최고,aram****
8,2026-02-24 19:39,돌비시네마 가서 봤는데 영상미는 좋았음 스토리는 1편이랑 거의 똑같은 것 같아서 아쉬움,dlrg****
10,2026-02-24 18:33,영화 너무 재밌게 봤어요 연기 잘해요,un95****
10,2026-02-24 17:31,아바타: 물의 길다음에 또 보고 싶어요,west****
8,2026-02-24 12:48,1보다는 아쉬웠지만 영상미가 매우 뛰어났다!,haer****
10,2026-02-24 08:11,좋은 영화 감사드립니다.,zif7****
6,2026-02-24 08:07,내가 살아있는 동안 아바타가 나오면 일단 보기는 한다,mj_m****
8,2026-02-24 08:06,전작만큼의 감동은 없지만 좋은 영상미,cksd****
10,2026-02-24 01:53,압도적인 수중 비주얼과 스케일이 돋보이는 블록버스터.,altn****
8,2026-02-24 01:53,스토리는 아쉬우나 영상만 봐도 돈값함,smar****
7,2026-02-24 00:39,진짜 나비족이 되어 물속에 들어간 느낌,hjt0****
10,2026-02-23 23:43,나는 판도라 행성을 돌비에서 보는 그 순간을 잊지 못한다 스크린에서 펼쳐지는 장관.,samu****
7,2026-02-23 23:37,발전한건 씨지 메세지는 그대로 하지만 그게 10년이 지나 지금도 유효하다는게 문제,ojho****
10,2026-02-23 22:48,나름 좋은 영화였다 재밌었다,tkdd****
8,2026-02-23 21:38,물 관련은 참 잘만드는 감독,min3****
10,2026-02-23 20:52,재밌게 봤어요 추천합니다,sill****
10,2026-02-23 18:31,경이로울 정도의 시각적 혁명.,dodo****
8,2026-02-23 16:08,내용은 기억이 안나요... 노잼이어서 그랬나,ryu7****
6,2026-02-23 14:48,대체… 처음에 왜 물의 마을에 가야하는지 부터가 의문이다,kkcm****
10,2026-02-23 12:45,아바타 바다속 배경이 너무 이뻤어요,sr_6****
7,2026-02-23 12:44,영상미 하나만큼은 확실하게 책임짐 믿기지않을정도스토리는 그냥...그럼,rapa****
10,2026-02-23 12:28,추천할 감상 포인트가 너무 많은 훌륭한 영화였습니다.,wang****
10,2026-02-23 07:58,내가 물 속에 들어간 듯한 느낌,naes****
7,2026-02-23 00:38,물이 테마여서 볼 수 있는 다양한 것들이 좋았다,chik****
10,2026-02-22 19:21,추천할 감상 포인트가 너무 많은 훌륭한 영화였습니다.,jinz****
10,2026-02-22 17:43,런닝타임이 좀 길다는거 빼곤 완벽했던 영화.,ngdh****
6,2026-02-22 15:39,1편에 비해서는 정말 많이 아쉬웠다,wjd7****
8,2026-02-22 14:06,기대만큼 흥미진진 재밌게 관람했습니다,fras****
